epoch,train_loss,val_loss
1,0.0071802941865462344,0.005115014181355946
2,0.004988525407243287,0.005109347407124005
3,0.004931525911815698,0.005190265591372736
4,0.004869522076478461,0.005082229882245884
5,0.004875167459686054,0.005055015773978084
6,0.00485907710462925,0.0049726361001376064
7,0.004833604014711454,0.004967131851590239
8,0.004814035483432236,0.005119413511129096
9,0.0047834833629895,0.004888637373223901
10,0.004806135830658604,0.004862182828946971
